CREATE DATABASE  IF NOT EXISTS `kucajevs22385231` /*!40100 DEFAULT CHARACTER SET utf8mb4 COLLATE utf8mb4_0900_ai_ci */ /*!80016 DEFAULT ENCRYPTION='N' */;
USE `kucajevs22385231`;
-- MySQL dump 10.13  Distrib 8.0.34, for Win64 (x86_64)
--
-- Host: localhost    Database: kucajevs22385231
-- ------------------------------------------------------
-- Server version	8.0.34

/*!40101 SET @OLD_CHARACTER_SET_CLIENT=@@CHARACTER_SET_CLIENT */;
/*!40101 SET @OLD_CHARACTER_SET_RESULTS=@@CHARACTER_SET_RESULTS */;
/*!40101 SET @OLD_COLLATION_CONNECTION=@@COLLATION_CONNECTION */;
/*!50503 SET NAMES utf8 */;
/*!40103 SET @OLD_TIME_ZONE=@@TIME_ZONE */;
/*!40103 SET TIME_ZONE='+00:00' */;
/*!40014 SET @OLD_UNIQUE_CHECKS=@@UNIQUE_CHECKS, UNIQUE_CHECKS=0 */;
/*!40014 SET @OLD_FOREIGN_KEY_CHECKS=@@FOREIGN_KEY_CHECKS, FOREIGN_KEY_CHECKS=0 */;
/*!40101 SET @OLD_SQL_MODE=@@SQL_MODE, SQL_MODE='NO_AUTO_VALUE_ON_ZERO' */;
/*!40111 SET @OLD_SQL_NOTES=@@SQL_NOTES, SQL_NOTES=0 */;

--
-- Table structure for table `candidate_details`
--

DROP TABLE IF EXISTS `candidate_details`;
/*!40101 SET @saved_cs_client     = @@character_set_client */;
/*!50503 SET character_set_client = utf8mb4 */;
CREATE TABLE `candidate_details` (
  `candidateID` int NOT NULL,
  `firstname` varchar(255) DEFAULT NULL,
  `surname` varchar(255) DEFAULT NULL,
  `address` varchar(255) DEFAULT NULL,
  `telephoneNum` char(8) DEFAULT NULL,
  PRIMARY KEY (`candidateID`)
) ENGINE=InnoDB DEFAULT CHARSET=utf8mb4 COLLATE=utf8mb4_0900_ai_ci;
/*!40101 SET character_set_client = @saved_cs_client */;

--
-- Dumping data for table `candidate_details`
--

LOCK TABLES `candidate_details` WRITE;
/*!40000 ALTER TABLE `candidate_details` DISABLE KEYS */;
INSERT INTO `candidate_details` VALUES (1,'John','Doe','123 Main Street','555-1234'),(2,'Jane','Smith','456 Oak Avenue','555-5678'),(3,'Mike','Johnson','789 Elm Street','555-9101'),(4,'Emily','Davis','101 Pine Road','555-2345'),(5,'Chris','Miller','202 Maple Lane','555-6789'),(6,'Amy','Williams','303 Birch Boulevard','555-1111'),(7,'David','Jones','404 Cedar Drive','555-2222'),(8,'Mavis','Brown','505 Walnut Place','555-3333'),(9,'Mark','Taylor','606 Pine Avenue','555-4444'),(10,'Laura','Anderson','707 Oak Lane','555-5555'),(11,'Alice','Johnson','111 Park Street','555-1111'),(420,'chooch','chong','1 drice drove','111-1121');
/*!40000 ALTER TABLE `candidate_details` ENABLE KEYS */;
UNLOCK TABLES;

--
-- Table structure for table `candidate_skills`
--

DROP TABLE IF EXISTS `candidate_skills`;
/*!40101 SET @saved_cs_client     = @@character_set_client */;
/*!50503 SET character_set_client = utf8mb4 */;
CREATE TABLE `candidate_skills` (
  `candidateID` int NOT NULL,
  `skillID` int NOT NULL,
  PRIMARY KEY (`candidateID`,`skillID`),
  KEY `skill_candidate_idx` (`skillID`),
  CONSTRAINT `candidateSkill_candidate` FOREIGN KEY (`candidateID`) REFERENCES `candidate_details` (`candidateID`),
  CONSTRAINT `candidateSkill_skill` FOREIGN KEY (`skillID`) REFERENCES `skill_details` (`skillID`)
) ENGINE=InnoDB DEFAULT CHARSET=utf8mb4 COLLATE=utf8mb4_0900_ai_ci;
/*!40101 SET character_set_client = @saved_cs_client */;

--
-- Dumping data for table `candidate_skills`
--

LOCK TABLES `candidate_skills` WRITE;
/*!40000 ALTER TABLE `candidate_skills` DISABLE KEYS */;
INSERT INTO `candidate_skills` VALUES (10,1),(3,2),(9,2),(11,2),(8,3),(7,4),(6,5),(5,6),(4,7),(2,9),(11,9),(1,10),(11,11),(11,15);
/*!40000 ALTER TABLE `candidate_skills` ENABLE KEYS */;
UNLOCK TABLES;

--
-- Table structure for table `hospital_details`
--

DROP TABLE IF EXISTS `hospital_details`;
/*!40101 SET @saved_cs_client     = @@character_set_client */;
/*!50503 SET character_set_client = utf8mb4 */;
CREATE TABLE `hospital_details` (
  `hospitalID` int NOT NULL,
  `hospitalName` varchar(255) DEFAULT NULL,
  `address` varchar(255) DEFAULT NULL,
  `telephoneNum` char(8) DEFAULT NULL,
  PRIMARY KEY (`hospitalID`),
  UNIQUE KEY `hospitalID_UNIQUE` (`hospitalID`),
  CONSTRAINT `hospital_details_chk_1` CHECK (regexp_like(`telephoneNum`,_utf8mb4'[0-9]{3}-[0-9]{4}'))
) ENGINE=InnoDB DEFAULT CHARSET=utf8mb4 COLLATE=utf8mb4_0900_ai_ci;
/*!40101 SET character_set_client = @saved_cs_client */;

--
-- Dumping data for table `hospital_details`
--

LOCK TABLES `hospital_details` WRITE;
/*!40000 ALTER TABLE `hospital_details` DISABLE KEYS */;
INSERT INTO `hospital_details` VALUES (1,'General Hospital',' 888 Willow Lane','123-1231'),(2,'City Medical Center','77  Birchwood Avenue','456-7651'),(3,'Central Health Clinic','999 Pinecrest Road','345-3451'),(4,'Regional Medical Center','111 Oakwood Drive','435-4661'),(5,'Community Health Center','222 Grey Street','656-3461'),(6,'Unity Hospital','54 Birch Boulevard','346-5881'),(7,'Metropolitan Medical Center','17 Mavis Drive','578-8571'),(8,'Sunrise Healthcare','69 Walnut Place','578-8571'),(9,'Hilltop General Hospital','89 Pine Avenue','574-5781'),(10,'Harborview Medical Center','101 Oak Lane','906-6881'),(11,'New Hospital','90 Broadway','473-5471'),(420,'even newer hospital','1 road','111-0101');
/*!40000 ALTER TABLE `hospital_details` ENABLE KEYS */;
UNLOCK TABLES;

--
-- Table structure for table `interview_details`
--

DROP TABLE IF EXISTS `interview_details`;
/*!40101 SET @saved_cs_client     = @@character_set_client */;
/*!50503 SET character_set_client = utf8mb4 */;
CREATE TABLE `interview_details` (
  `interviewID` int NOT NULL,
  `candidateID` int NOT NULL,
  `positionID` int NOT NULL,
  `date` date NOT NULL,
  `jobOffered` tinyint DEFAULT NULL,
  PRIMARY KEY (`interviewID`),
  UNIQUE KEY `interviewID_UNIQUE` (`interviewID`),
  KEY `candidate_interview_idx` (`candidateID`),
  KEY `position_interview_idx` (`positionID`),
  CONSTRAINT `interview_candidate` FOREIGN KEY (`candidateID`) REFERENCES `candidate_details` (`candidateID`) ON DELETE CASCADE ON UPDATE CASCADE,
  CONSTRAINT `interview_position` FOREIGN KEY (`positionID`) REFERENCES `position_details` (`positionID`) ON DELETE CASCADE ON UPDATE CASCADE
) ENGINE=InnoDB DEFAULT CHARSET=utf8mb4 COLLATE=utf8mb4_0900_ai_ci;
/*!40101 SET character_set_client = @saved_cs_client */;

--
-- Dumping data for table `interview_details`
--

LOCK TABLES `interview_details` WRITE;
/*!40000 ALTER TABLE `interview_details` DISABLE KEYS */;
INSERT INTO `interview_details` VALUES (1,1,1,'2023-01-01',1),(2,2,2,'2023-02-02',1),(3,3,3,'2023-03-03',1),(4,4,4,'2023-04-04',0),(5,5,5,'2023-05-05',1),(6,6,6,'2023-06-06',0),(7,7,7,'2023-07-07',1),(8,8,8,'2023-08-08',0),(9,9,9,'2023-09-09',0),(10,10,10,'2023-10-10',0),(11,11,11,'2023-11-15',1),(12,2,1,'2023-01-01',0),(13,6,6,'2023-01-01',1),(14,7,8,'2020-12-31',0);
/*!40000 ALTER TABLE `interview_details` ENABLE KEYS */;
UNLOCK TABLES;
/*!50003 SET @saved_cs_client      = @@character_set_client */ ;
/*!50003 SET @saved_cs_results     = @@character_set_results */ ;
/*!50003 SET @saved_col_connection = @@collation_connection */ ;
/*!50003 SET character_set_client  = utf8mb4 */ ;
/*!50003 SET character_set_results = utf8mb4 */ ;
/*!50003 SET collation_connection  = utf8mb4_0900_ai_ci */ ;
/*!50003 SET @saved_sql_mode       = @@sql_mode */ ;
/*!50003 SET sql_mode              = 'ONLY_FULL_GROUP_BY,STRICT_TRANS_TABLES,NO_ZERO_IN_DATE,NO_ZERO_DATE,ERROR_FOR_DIVISION_BY_ZERO,NO_ENGINE_SUBSTITUTION' */ ;
DELIMITER ;;
/*!50003 CREATE*/ /*!50017 DEFINER=`root`@`localhost`*/ /*!50003 TRIGGER `jobOffered_constraint` BEFORE INSERT ON `interview_details` FOR EACH ROW BEGIN
    IF NEW.jobOffered NOT IN (0, 1) THEN
        SIGNAL SQLSTATE '45000'
        SET MESSAGE_TEXT = 'JobOffered must be either 0 or 1';
    END IF;
END */;;
DELIMITER ;
/*!50003 SET sql_mode              = @saved_sql_mode */ ;
/*!50003 SET character_set_client  = @saved_cs_client */ ;
/*!50003 SET character_set_results = @saved_cs_results */ ;
/*!50003 SET collation_connection  = @saved_col_connection */ ;
/*!50003 SET @saved_cs_client      = @@character_set_client */ ;
/*!50003 SET @saved_cs_results     = @@character_set_results */ ;
/*!50003 SET @saved_col_connection = @@collation_connection */ ;
/*!50003 SET character_set_client  = utf8mb4 */ ;
/*!50003 SET character_set_results = utf8mb4 */ ;
/*!50003 SET collation_connection  = utf8mb4_0900_ai_ci */ ;
/*!50003 SET @saved_sql_mode       = @@sql_mode */ ;
/*!50003 SET sql_mode              = 'ONLY_FULL_GROUP_BY,STRICT_TRANS_TABLES,NO_ZERO_IN_DATE,NO_ZERO_DATE,ERROR_FOR_DIVISION_BY_ZERO,NO_ENGINE_SUBSTITUTION' */ ;
DELIMITER ;;
/*!50003 CREATE*/ /*!50017 DEFINER=`root`@`localhost`*/ /*!50003 TRIGGER `jobOffered_update_constraint` BEFORE UPDATE ON `interview_details` FOR EACH ROW BEGIN
    IF NEW.jobOffered NOT IN (0, 1) THEN
        SIGNAL SQLSTATE '45000'
        SET MESSAGE_TEXT = 'JobOffered must be either 0 or 1';
    END IF;
END */;;
DELIMITER ;
/*!50003 SET sql_mode              = @saved_sql_mode */ ;
/*!50003 SET character_set_client  = @saved_cs_client */ ;
/*!50003 SET character_set_results = @saved_cs_results */ ;
/*!50003 SET collation_connection  = @saved_col_connection */ ;

--
-- Table structure for table `position_details`
--

DROP TABLE IF EXISTS `position_details`;
/*!40101 SET @saved_cs_client     = @@character_set_client */;
/*!50503 SET character_set_client = utf8mb4 */;
CREATE TABLE `position_details` (
  `positionID` int NOT NULL,
  `hospitalID` int NOT NULL,
  `positionName` varchar(255) DEFAULT NULL,
  PRIMARY KEY (`positionID`),
  UNIQUE KEY `positionID_UNIQUE` (`positionID`),
  KEY `position_hospital_idx` (`hospitalID`),
  CONSTRAINT `position_hospital` FOREIGN KEY (`hospitalID`) REFERENCES `hospital_details` (`hospitalID`) ON DELETE CASCADE ON UPDATE CASCADE
) ENGINE=InnoDB DEFAULT CHARSET=utf8mb4 COLLATE=utf8mb4_0900_ai_ci;
/*!40101 SET character_set_client = @saved_cs_client */;

--
-- Dumping data for table `position_details`
--

LOCK TABLES `position_details` WRITE;
/*!40000 ALTER TABLE `position_details` DISABLE KEYS */;
INSERT INTO `position_details` VALUES (1,1,'Nurse'),(2,2,'Doctor'),(3,3,'Administrator'),(4,4,'Pharmacist'),(5,5,'IT Specialist'),(6,6,'Radiologist'),(7,7,'Lab Technician'),(8,8,'Physical Therapist'),(9,9,'Surgeon'),(10,10,'Emergency Medical Technician'),(11,6,'Lab Assistant'),(12,2,'Nurse Assistant');
/*!40000 ALTER TABLE `position_details` ENABLE KEYS */;
UNLOCK TABLES;

--
-- Table structure for table `position_skills`
--

DROP TABLE IF EXISTS `position_skills`;
/*!40101 SET @saved_cs_client     = @@character_set_client */;
/*!50503 SET character_set_client = utf8mb4 */;
CREATE TABLE `position_skills` (
  `positionID` int NOT NULL,
  `skillID` int NOT NULL,
  PRIMARY KEY (`positionID`,`skillID`),
  KEY `position_skill_idx` (`skillID`),
  CONSTRAINT `positionSkill_position` FOREIGN KEY (`positionID`) REFERENCES `position_details` (`positionID`) ON DELETE CASCADE ON UPDATE CASCADE,
  CONSTRAINT `positionSkill_skill` FOREIGN KEY (`skillID`) REFERENCES `skill_details` (`skillID`) ON DELETE CASCADE ON UPDATE CASCADE
) ENGINE=InnoDB DEFAULT CHARSET=utf8mb4 COLLATE=utf8mb4_0900_ai_ci;
/*!40101 SET character_set_client = @saved_cs_client */;

--
-- Dumping data for table `position_skills`
--

LOCK TABLES `position_skills` WRITE;
/*!40000 ALTER TABLE `position_skills` DISABLE KEYS */;
INSERT INTO `position_skills` VALUES (1,1),(12,1),(2,2),(3,3),(4,4),(5,5),(6,6),(7,7),(8,8),(9,9),(10,10),(11,11),(1,15);
/*!40000 ALTER TABLE `position_skills` ENABLE KEYS */;
UNLOCK TABLES;

--
-- Table structure for table `skill_details`
--

DROP TABLE IF EXISTS `skill_details`;
/*!40101 SET @saved_cs_client     = @@character_set_client */;
/*!50503 SET character_set_client = utf8mb4 */;
CREATE TABLE `skill_details` (
  `skillID` int NOT NULL,
  `skillName` varchar(45) NOT NULL,
  PRIMARY KEY (`skillID`),
  UNIQUE KEY `skillID_UNIQUE` (`skillID`)
) ENGINE=InnoDB DEFAULT CHARSET=utf8mb4 COLLATE=utf8mb4_0900_ai_ci;
/*!40101 SET character_set_client = @saved_cs_client */;

--
-- Dumping data for table `skill_details`
--

LOCK TABLES `skill_details` WRITE;
/*!40000 ALTER TABLE `skill_details` DISABLE KEYS */;
INSERT INTO `skill_details` VALUES (1,'Nursing'),(2,'Diagnosis'),(3,'Organisation'),(4,'Medication'),(5,'Scheme'),(6,'Imaging'),(7,'Analysis'),(8,'Therapy'),(9,'Surgery'),(10,'Problem Solving'),(11,'Assistance'),(15,'manual handling');
/*!40000 ALTER TABLE `skill_details` ENABLE KEYS */;
UNLOCK TABLES;

--
-- Dumping events for database 'kucajevs22385231'
--

--
-- Dumping routines for database 'kucajevs22385231'
--
/*!50003 DROP PROCEDURE IF EXISTS `InsertCandidateDetails` */;
/*!50003 SET @saved_cs_client      = @@character_set_client */ ;
/*!50003 SET @saved_cs_results     = @@character_set_results */ ;
/*!50003 SET @saved_col_connection = @@collation_connection */ ;
/*!50003 SET character_set_client  = utf8mb4 */ ;
/*!50003 SET character_set_results = utf8mb4 */ ;
/*!50003 SET collation_connection  = utf8mb4_0900_ai_ci */ ;
/*!50003 SET @saved_sql_mode       = @@sql_mode */ ;
/*!50003 SET sql_mode              = 'ONLY_FULL_GROUP_BY,STRICT_TRANS_TABLES,NO_ZERO_IN_DATE,NO_ZERO_DATE,ERROR_FOR_DIVISION_BY_ZERO,NO_ENGINE_SUBSTITUTION' */ ;
DELIMITER ;;
CREATE DEFINER=`root`@`localhost` PROCEDURE `InsertCandidateDetails`(
    IN p_candidateID INT,
    IN p_firstname VARCHAR(255),
    IN p_surname VARCHAR(255),
    IN p_address VARCHAR(255),
    IN p_telephoneNum VARCHAR(15)
)
BEGIN
    INSERT INTO candidate_details (candidateID, firstname, surname, address, telephoneNum)
    VALUES (p_candidateID, p_firstname, p_surname, p_address, p_telephoneNum);
END ;;
DELIMITER ;
/*!50003 SET sql_mode              = @saved_sql_mode */ ;
/*!50003 SET character_set_client  = @saved_cs_client */ ;
/*!50003 SET character_set_results = @saved_cs_results */ ;
/*!50003 SET collation_connection  = @saved_col_connection */ ;
/*!50003 DROP PROCEDURE IF EXISTS `InsertCandidateSkills` */;
/*!50003 SET @saved_cs_client      = @@character_set_client */ ;
/*!50003 SET @saved_cs_results     = @@character_set_results */ ;
/*!50003 SET @saved_col_connection = @@collation_connection */ ;
/*!50003 SET character_set_client  = utf8mb4 */ ;
/*!50003 SET character_set_results = utf8mb4 */ ;
/*!50003 SET collation_connection  = utf8mb4_0900_ai_ci */ ;
/*!50003 SET @saved_sql_mode       = @@sql_mode */ ;
/*!50003 SET sql_mode              = 'ONLY_FULL_GROUP_BY,STRICT_TRANS_TABLES,NO_ZERO_IN_DATE,NO_ZERO_DATE,ERROR_FOR_DIVISION_BY_ZERO,NO_ENGINE_SUBSTITUTION' */ ;
DELIMITER ;;
CREATE DEFINER=`root`@`localhost` PROCEDURE `InsertCandidateSkills`(
    IN p_candidateID INT,
    IN p_skillID INT
)
BEGIN
    INSERT INTO candidate_skills (candidateID,skillID)
    VALUES (p_candidateID,p_skillID);
END ;;
DELIMITER ;
/*!50003 SET sql_mode              = @saved_sql_mode */ ;
/*!50003 SET character_set_client  = @saved_cs_client */ ;
/*!50003 SET character_set_results = @saved_cs_results */ ;
/*!50003 SET collation_connection  = @saved_col_connection */ ;
/*!50003 DROP PROCEDURE IF EXISTS `InsertHospitalDetails` */;
/*!50003 SET @saved_cs_client      = @@character_set_client */ ;
/*!50003 SET @saved_cs_results     = @@character_set_results */ ;
/*!50003 SET @saved_col_connection = @@collation_connection */ ;
/*!50003 SET character_set_client  = utf8mb4 */ ;
/*!50003 SET character_set_results = utf8mb4 */ ;
/*!50003 SET collation_connection  = utf8mb4_0900_ai_ci */ ;
/*!50003 SET @saved_sql_mode       = @@sql_mode */ ;
/*!50003 SET sql_mode              = 'ONLY_FULL_GROUP_BY,STRICT_TRANS_TABLES,NO_ZERO_IN_DATE,NO_ZERO_DATE,ERROR_FOR_DIVISION_BY_ZERO,NO_ENGINE_SUBSTITUTION' */ ;
DELIMITER ;;
CREATE DEFINER=`root`@`localhost` PROCEDURE `InsertHospitalDetails`(
    IN p_hospitalID INT,
    IN p_hospitalName VARCHAR(255),
    IN p_address VARCHAR(255),
    IN p_telephoneNum VARCHAR(15)
)
BEGIN
    INSERT INTO hospital_details (hospitalID, hospitalName, address, telephoneNum)
    VALUES (p_hospitalID, p_hospitalName, p_address, p_telephoneNum);
END ;;
DELIMITER ;
/*!50003 SET sql_mode              = @saved_sql_mode */ ;
/*!50003 SET character_set_client  = @saved_cs_client */ ;
/*!50003 SET character_set_results = @saved_cs_results */ ;
/*!50003 SET collation_connection  = @saved_col_connection */ ;
/*!50003 DROP PROCEDURE IF EXISTS `InsertInterviewDetails` */;
/*!50003 SET @saved_cs_client      = @@character_set_client */ ;
/*!50003 SET @saved_cs_results     = @@character_set_results */ ;
/*!50003 SET @saved_col_connection = @@collation_connection */ ;
/*!50003 SET character_set_client  = utf8mb4 */ ;
/*!50003 SET character_set_results = utf8mb4 */ ;
/*!50003 SET collation_connection  = utf8mb4_0900_ai_ci */ ;
/*!50003 SET @saved_sql_mode       = @@sql_mode */ ;
/*!50003 SET sql_mode              = 'ONLY_FULL_GROUP_BY,STRICT_TRANS_TABLES,NO_ZERO_IN_DATE,NO_ZERO_DATE,ERROR_FOR_DIVISION_BY_ZERO,NO_ENGINE_SUBSTITUTION' */ ;
DELIMITER ;;
CREATE DEFINER=`root`@`localhost` PROCEDURE `InsertInterviewDetails`(
    IN p_interviewID INT,
    IN p_candidateID INT,
    IN p_positionID INT,
    IN p_date DATE,
    IN p_offer tinyint
)
BEGIN
    INSERT INTO interview_details (interviewID, candidateID, positionID, date, jobOffered)
    VALUES (p_interviewID, p_candidateID, p_positionID, p_date, p_offer);
END ;;
DELIMITER ;
/*!50003 SET sql_mode              = @saved_sql_mode */ ;
/*!50003 SET character_set_client  = @saved_cs_client */ ;
/*!50003 SET character_set_results = @saved_cs_results */ ;
/*!50003 SET collation_connection  = @saved_col_connection */ ;
/*!50003 DROP PROCEDURE IF EXISTS `InsertPositionDetails` */;
/*!50003 SET @saved_cs_client      = @@character_set_client */ ;
/*!50003 SET @saved_cs_results     = @@character_set_results */ ;
/*!50003 SET @saved_col_connection = @@collation_connection */ ;
/*!50003 SET character_set_client  = utf8mb4 */ ;
/*!50003 SET character_set_results = utf8mb4 */ ;
/*!50003 SET collation_connection  = utf8mb4_0900_ai_ci */ ;
/*!50003 SET @saved_sql_mode       = @@sql_mode */ ;
/*!50003 SET sql_mode              = 'ONLY_FULL_GROUP_BY,STRICT_TRANS_TABLES,NO_ZERO_IN_DATE,NO_ZERO_DATE,ERROR_FOR_DIVISION_BY_ZERO,NO_ENGINE_SUBSTITUTION' */ ;
DELIMITER ;;
CREATE DEFINER=`root`@`localhost` PROCEDURE `InsertPositionDetails`(
    IN p_positionID INT,
    IN p_hospitalID INT,
    IN p_positionName VARCHAR(255)
)
BEGIN
    INSERT INTO position_details (positionID, hospitalID, positionName)
    VALUES (p_positionID, p_hospitalID, p_positionName);
END ;;
DELIMITER ;
/*!50003 SET sql_mode              = @saved_sql_mode */ ;
/*!50003 SET character_set_client  = @saved_cs_client */ ;
/*!50003 SET character_set_results = @saved_cs_results */ ;
/*!50003 SET collation_connection  = @saved_col_connection */ ;
/*!50003 DROP PROCEDURE IF EXISTS `InsertPositionSkills` */;
/*!50003 SET @saved_cs_client      = @@character_set_client */ ;
/*!50003 SET @saved_cs_results     = @@character_set_results */ ;
/*!50003 SET @saved_col_connection = @@collation_connection */ ;
/*!50003 SET character_set_client  = utf8mb4 */ ;
/*!50003 SET character_set_results = utf8mb4 */ ;
/*!50003 SET collation_connection  = utf8mb4_0900_ai_ci */ ;
/*!50003 SET @saved_sql_mode       = @@sql_mode */ ;
/*!50003 SET sql_mode              = 'ONLY_FULL_GROUP_BY,STRICT_TRANS_TABLES,NO_ZERO_IN_DATE,NO_ZERO_DATE,ERROR_FOR_DIVISION_BY_ZERO,NO_ENGINE_SUBSTITUTION' */ ;
DELIMITER ;;
CREATE DEFINER=`root`@`localhost` PROCEDURE `InsertPositionSkills`(
    IN p_positionID INT,
    IN p_skillID INT
)
BEGIN
    INSERT INTO position_skills (positionID, skillID)
    VALUES (p_positionID, p_skillID);
END ;;
DELIMITER ;
/*!50003 SET sql_mode              = @saved_sql_mode */ ;
/*!50003 SET character_set_client  = @saved_cs_client */ ;
/*!50003 SET character_set_results = @saved_cs_results */ ;
/*!50003 SET collation_connection  = @saved_col_connection */ ;
/*!50003 DROP PROCEDURE IF EXISTS `InsertSkillDetails` */;
/*!50003 SET @saved_cs_client      = @@character_set_client */ ;
/*!50003 SET @saved_cs_results     = @@character_set_results */ ;
/*!50003 SET @saved_col_connection = @@collation_connection */ ;
/*!50003 SET character_set_client  = utf8mb4 */ ;
/*!50003 SET character_set_results = utf8mb4 */ ;
/*!50003 SET collation_connection  = utf8mb4_0900_ai_ci */ ;
/*!50003 SET @saved_sql_mode       = @@sql_mode */ ;
/*!50003 SET sql_mode              = 'ONLY_FULL_GROUP_BY,STRICT_TRANS_TABLES,NO_ZERO_IN_DATE,NO_ZERO_DATE,ERROR_FOR_DIVISION_BY_ZERO,NO_ENGINE_SUBSTITUTION' */ ;
DELIMITER ;;
CREATE DEFINER=`root`@`localhost` PROCEDURE `InsertSkillDetails`(
    IN p_skillID INT,
    IN p_skillName VARCHAR(45)
)
BEGIN
    INSERT INTO skill_details (skillID, skillName)
    VALUES (p_skillID, p_skillName);
END ;;
DELIMITER ;
/*!50003 SET sql_mode              = @saved_sql_mode */ ;
/*!50003 SET character_set_client  = @saved_cs_client */ ;
/*!50003 SET character_set_results = @saved_cs_results */ ;
/*!50003 SET collation_connection  = @saved_col_connection */ ;
/*!50003 DROP PROCEDURE IF EXISTS `Q10FindCandidatesInterviewedOnDateOnly` */;
/*!50003 SET @saved_cs_client      = @@character_set_client */ ;
/*!50003 SET @saved_cs_results     = @@character_set_results */ ;
/*!50003 SET @saved_col_connection = @@collation_connection */ ;
/*!50003 SET character_set_client  = utf8mb4 */ ;
/*!50003 SET character_set_results = utf8mb4 */ ;
/*!50003 SET collation_connection  = utf8mb4_0900_ai_ci */ ;
/*!50003 SET @saved_sql_mode       = @@sql_mode */ ;
/*!50003 SET sql_mode              = 'ONLY_FULL_GROUP_BY,STRICT_TRANS_TABLES,NO_ZERO_IN_DATE,NO_ZERO_DATE,ERROR_FOR_DIVISION_BY_ZERO,NO_ENGINE_SUBSTITUTION' */ ;
DELIMITER ;;
CREATE DEFINER=`root`@`localhost` PROCEDURE `Q10FindCandidatesInterviewedOnDateOnly`(IN p_date DATE)
BEGIN
    SELECT candidateID
    FROM interview_details
    GROUP BY candidateID
    HAVING COUNT(DISTINCT date) = 1 AND max(date) = p_date;
END ;;
DELIMITER ;
/*!50003 SET sql_mode              = @saved_sql_mode */ ;
/*!50003 SET character_set_client  = @saved_cs_client */ ;
/*!50003 SET character_set_results = @saved_cs_results */ ;
/*!50003 SET collation_connection  = @saved_col_connection */ ;
/*!50003 DROP PROCEDURE IF EXISTS `Q11FindCandidatesInterviewedAtLeastTwice` */;
/*!50003 SET @saved_cs_client      = @@character_set_client */ ;
/*!50003 SET @saved_cs_results     = @@character_set_results */ ;
/*!50003 SET @saved_col_connection = @@collation_connection */ ;
/*!50003 SET character_set_client  = utf8mb4 */ ;
/*!50003 SET character_set_results = utf8mb4 */ ;
/*!50003 SET collation_connection  = utf8mb4_0900_ai_ci */ ;
/*!50003 SET @saved_sql_mode       = @@sql_mode */ ;
/*!50003 SET sql_mode              = 'ONLY_FULL_GROUP_BY,STRICT_TRANS_TABLES,NO_ZERO_IN_DATE,NO_ZERO_DATE,ERROR_FOR_DIVISION_BY_ZERO,NO_ENGINE_SUBSTITUTION' */ ;
DELIMITER ;;
CREATE DEFINER=`root`@`localhost` PROCEDURE `Q11FindCandidatesInterviewedAtLeastTwice`()
BEGIN
    SELECT cd.candidateID, cd.firstname, cd.surname
    FROM candidate_details cd
    JOIN interview_details id ON cd.candidateID = id.candidateID
    GROUP BY candidateId
    HAVING COUNT(*) >= 2;
END ;;
DELIMITER ;
/*!50003 SET sql_mode              = @saved_sql_mode */ ;
/*!50003 SET character_set_client  = @saved_cs_client */ ;
/*!50003 SET character_set_results = @saved_cs_results */ ;
/*!50003 SET collation_connection  = @saved_col_connection */ ;
/*!50003 DROP PROCEDURE IF EXISTS `Q1FindHospitalsByID` */;
/*!50003 SET @saved_cs_client      = @@character_set_client */ ;
/*!50003 SET @saved_cs_results     = @@character_set_results */ ;
/*!50003 SET @saved_col_connection = @@collation_connection */ ;
/*!50003 SET character_set_client  = utf8mb4 */ ;
/*!50003 SET character_set_results = utf8mb4 */ ;
/*!50003 SET collation_connection  = utf8mb4_0900_ai_ci */ ;
/*!50003 SET @saved_sql_mode       = @@sql_mode */ ;
/*!50003 SET sql_mode              = 'ONLY_FULL_GROUP_BY,STRICT_TRANS_TABLES,NO_ZERO_IN_DATE,NO_ZERO_DATE,ERROR_FOR_DIVISION_BY_ZERO,NO_ENGINE_SUBSTITUTION' */ ;
DELIMITER ;;
CREATE DEFINER=`root`@`localhost` PROCEDURE `Q1FindHospitalsByID`(IN p_hospitalID INT)
BEGIN
    SELECT * FROM hospital_details WHERE hospitalID = p_hospitalID;
END ;;
DELIMITER ;
/*!50003 SET sql_mode              = @saved_sql_mode */ ;
/*!50003 SET character_set_client  = @saved_cs_client */ ;
/*!50003 SET character_set_results = @saved_cs_results */ ;
/*!50003 SET collation_connection  = @saved_col_connection */ ;
/*!50003 DROP PROCEDURE IF EXISTS `Q2FindHospitalsByName` */;
/*!50003 SET @saved_cs_client      = @@character_set_client */ ;
/*!50003 SET @saved_cs_results     = @@character_set_results */ ;
/*!50003 SET @saved_col_connection = @@collation_connection */ ;
/*!50003 SET character_set_client  = utf8mb4 */ ;
/*!50003 SET character_set_results = utf8mb4 */ ;
/*!50003 SET collation_connection  = utf8mb4_0900_ai_ci */ ;
/*!50003 SET @saved_sql_mode       = @@sql_mode */ ;
/*!50003 SET sql_mode              = 'ONLY_FULL_GROUP_BY,STRICT_TRANS_TABLES,NO_ZERO_IN_DATE,NO_ZERO_DATE,ERROR_FOR_DIVISION_BY_ZERO,NO_ENGINE_SUBSTITUTION' */ ;
DELIMITER ;;
CREATE DEFINER=`root`@`localhost` PROCEDURE `Q2FindHospitalsByName`(IN p_hospitalName VARCHAR(255))
BEGIN
    SELECT * FROM hospital_details WHERE hospitalName = p_hospitalName;
END ;;
DELIMITER ;
/*!50003 SET sql_mode              = @saved_sql_mode */ ;
/*!50003 SET character_set_client  = @saved_cs_client */ ;
/*!50003 SET character_set_results = @saved_cs_results */ ;
/*!50003 SET collation_connection  = @saved_col_connection */ ;
/*!50003 DROP PROCEDURE IF EXISTS `Q3FindCandidatesBySurname` */;
/*!50003 SET @saved_cs_client      = @@character_set_client */ ;
/*!50003 SET @saved_cs_results     = @@character_set_results */ ;
/*!50003 SET @saved_col_connection = @@collation_connection */ ;
/*!50003 SET character_set_client  = utf8mb4 */ ;
/*!50003 SET character_set_results = utf8mb4 */ ;
/*!50003 SET collation_connection  = utf8mb4_0900_ai_ci */ ;
/*!50003 SET @saved_sql_mode       = @@sql_mode */ ;
/*!50003 SET sql_mode              = 'ONLY_FULL_GROUP_BY,STRICT_TRANS_TABLES,NO_ZERO_IN_DATE,NO_ZERO_DATE,ERROR_FOR_DIVISION_BY_ZERO,NO_ENGINE_SUBSTITUTION' */ ;
DELIMITER ;;
CREATE DEFINER=`root`@`localhost` PROCEDURE `Q3FindCandidatesBySurname`(IN p_surname VARCHAR(255))
BEGIN
    SELECT * FROM candidate_details WHERE surname = p_surname;
END ;;
DELIMITER ;
/*!50003 SET sql_mode              = @saved_sql_mode */ ;
/*!50003 SET character_set_client  = @saved_cs_client */ ;
/*!50003 SET character_set_results = @saved_cs_results */ ;
/*!50003 SET collation_connection  = @saved_col_connection */ ;
/*!50003 DROP PROCEDURE IF EXISTS `Q4FindCandidatesByPositionID` */;
/*!50003 SET @saved_cs_client      = @@character_set_client */ ;
/*!50003 SET @saved_cs_results     = @@character_set_results */ ;
/*!50003 SET @saved_col_connection = @@collation_connection */ ;
/*!50003 SET character_set_client  = utf8mb4 */ ;
/*!50003 SET character_set_results = utf8mb4 */ ;
/*!50003 SET collation_connection  = utf8mb4_0900_ai_ci */ ;
/*!50003 SET @saved_sql_mode       = @@sql_mode */ ;
/*!50003 SET sql_mode              = 'ONLY_FULL_GROUP_BY,STRICT_TRANS_TABLES,NO_ZERO_IN_DATE,NO_ZERO_DATE,ERROR_FOR_DIVISION_BY_ZERO,NO_ENGINE_SUBSTITUTION' */ ;
DELIMITER ;;
CREATE DEFINER=`root`@`localhost` PROCEDURE `Q4FindCandidatesByPositionID`(IN p_positionID INT)
BEGIN
    SELECT DISTINCT cd.*
    FROM candidate_details cd
    JOIN candidate_skills cs ON cd.candidateID = cs.candidateID
    JOIN position_skills ps ON cs.skillID = ps.skillID
    WHERE ps.positionID = p_positionID;
END ;;
DELIMITER ;
/*!50003 SET sql_mode              = @saved_sql_mode */ ;
/*!50003 SET character_set_client  = @saved_cs_client */ ;
/*!50003 SET character_set_results = @saved_cs_results */ ;
/*!50003 SET collation_connection  = @saved_col_connection */ ;
/*!50003 DROP PROCEDURE IF EXISTS `Q5FindOfferedCandidatesCount` */;
/*!50003 SET @saved_cs_client      = @@character_set_client */ ;
/*!50003 SET @saved_cs_results     = @@character_set_results */ ;
/*!50003 SET @saved_col_connection = @@collation_connection */ ;
/*!50003 SET character_set_client  = utf8mb4 */ ;
/*!50003 SET character_set_results = utf8mb4 */ ;
/*!50003 SET collation_connection  = utf8mb4_0900_ai_ci */ ;
/*!50003 SET @saved_sql_mode       = @@sql_mode */ ;
/*!50003 SET sql_mode              = 'ONLY_FULL_GROUP_BY,STRICT_TRANS_TABLES,NO_ZERO_IN_DATE,NO_ZERO_DATE,ERROR_FOR_DIVISION_BY_ZERO,NO_ENGINE_SUBSTITUTION' */ ;
DELIMITER ;;
CREATE DEFINER=`root`@`localhost` PROCEDURE `Q5FindOfferedCandidatesCount`()
BEGIN
    SELECT COUNT(jobOffered)
    FROM interview_details
    WHERE jobOffered = 1;
    
END ;;
DELIMITER ;
/*!50003 SET sql_mode              = @saved_sql_mode */ ;
/*!50003 SET character_set_client  = @saved_cs_client */ ;
/*!50003 SET character_set_results = @saved_cs_results */ ;
/*!50003 SET collation_connection  = @saved_col_connection */ ;
/*!50003 DROP PROCEDURE IF EXISTS `Q6FindPositionsBySkill` */;
/*!50003 SET @saved_cs_client      = @@character_set_client */ ;
/*!50003 SET @saved_cs_results     = @@character_set_results */ ;
/*!50003 SET @saved_col_connection = @@collation_connection */ ;
/*!50003 SET character_set_client  = utf8mb4 */ ;
/*!50003 SET character_set_results = utf8mb4 */ ;
/*!50003 SET collation_connection  = utf8mb4_0900_ai_ci */ ;
/*!50003 SET @saved_sql_mode       = @@sql_mode */ ;
/*!50003 SET sql_mode              = 'ONLY_FULL_GROUP_BY,STRICT_TRANS_TABLES,NO_ZERO_IN_DATE,NO_ZERO_DATE,ERROR_FOR_DIVISION_BY_ZERO,NO_ENGINE_SUBSTITUTION' */ ;
DELIMITER ;;
CREATE DEFINER=`root`@`localhost` PROCEDURE `Q6FindPositionsBySkill`(IN p_skillName VARCHAR(45))
BEGIN
    SELECT pd.*
    FROM position_details pd
    JOIN position_skills ps ON pd.positionID = ps.positionID
    JOIN skill_details sd ON ps.skillID = sd.skillID
    WHERE sd.skillName = p_skillName;
END ;;
DELIMITER ;
/*!50003 SET sql_mode              = @saved_sql_mode */ ;
/*!50003 SET character_set_client  = @saved_cs_client */ ;
/*!50003 SET character_set_results = @saved_cs_results */ ;
/*!50003 SET collation_connection  = @saved_col_connection */ ;
/*!50003 DROP PROCEDURE IF EXISTS `Q7FindNursingSkillPositionsCount` */;
/*!50003 SET @saved_cs_client      = @@character_set_client */ ;
/*!50003 SET @saved_cs_results     = @@character_set_results */ ;
/*!50003 SET @saved_col_connection = @@collation_connection */ ;
/*!50003 SET character_set_client  = utf8mb4 */ ;
/*!50003 SET character_set_results = utf8mb4 */ ;
/*!50003 SET collation_connection  = utf8mb4_0900_ai_ci */ ;
/*!50003 SET @saved_sql_mode       = @@sql_mode */ ;
/*!50003 SET sql_mode              = 'ONLY_FULL_GROUP_BY,STRICT_TRANS_TABLES,NO_ZERO_IN_DATE,NO_ZERO_DATE,ERROR_FOR_DIVISION_BY_ZERO,NO_ENGINE_SUBSTITUTION' */ ;
DELIMITER ;;
CREATE DEFINER=`root`@`localhost` PROCEDURE `Q7FindNursingSkillPositionsCount`()
BEGIN
    SELECT COUNT(DISTINCT positionID) AS NursingPositionsCount
    FROM position_skills ps
    JOIN skill_details sd ON ps.skillID = sd.skillID
    WHERE sd.skillName = 'Nursing';
END ;;
DELIMITER ;
/*!50003 SET sql_mode              = @saved_sql_mode */ ;
/*!50003 SET character_set_client  = @saved_cs_client */ ;
/*!50003 SET character_set_results = @saved_cs_results */ ;
/*!50003 SET collation_connection  = @saved_col_connection */ ;
/*!50003 DROP PROCEDURE IF EXISTS `Q8FindPositionsSortedByHospitals` */;
/*!50003 SET @saved_cs_client      = @@character_set_client */ ;
/*!50003 SET @saved_cs_results     = @@character_set_results */ ;
/*!50003 SET @saved_col_connection = @@collation_connection */ ;
/*!50003 SET character_set_client  = utf8mb4 */ ;
/*!50003 SET character_set_results = utf8mb4 */ ;
/*!50003 SET collation_connection  = utf8mb4_0900_ai_ci */ ;
/*!50003 SET @saved_sql_mode       = @@sql_mode */ ;
/*!50003 SET sql_mode              = 'ONLY_FULL_GROUP_BY,STRICT_TRANS_TABLES,NO_ZERO_IN_DATE,NO_ZERO_DATE,ERROR_FOR_DIVISION_BY_ZERO,NO_ENGINE_SUBSTITUTION' */ ;
DELIMITER ;;
CREATE DEFINER=`root`@`localhost` PROCEDURE `Q8FindPositionsSortedByHospitals`()
BEGIN
    SELECT pd.*, hd.hospitalName
    FROM position_details pd
    JOIN hospital_details hd ON pd.hospitalID = hd.hospitalID
    ORDER BY hd.hospitalName;
END ;;
DELIMITER ;
/*!50003 SET sql_mode              = @saved_sql_mode */ ;
/*!50003 SET character_set_client  = @saved_cs_client */ ;
/*!50003 SET character_set_results = @saved_cs_results */ ;
/*!50003 SET collation_connection  = @saved_col_connection */ ;
/*!50003 DROP PROCEDURE IF EXISTS `Q9FindInterviewsByDate` */;
/*!50003 SET @saved_cs_client      = @@character_set_client */ ;
/*!50003 SET @saved_cs_results     = @@character_set_results */ ;
/*!50003 SET @saved_col_connection = @@collation_connection */ ;
/*!50003 SET character_set_client  = utf8mb4 */ ;
/*!50003 SET character_set_results = utf8mb4 */ ;
/*!50003 SET collation_connection  = utf8mb4_0900_ai_ci */ ;
/*!50003 SET @saved_sql_mode       = @@sql_mode */ ;
/*!50003 SET sql_mode              = 'ONLY_FULL_GROUP_BY,STRICT_TRANS_TABLES,NO_ZERO_IN_DATE,NO_ZERO_DATE,ERROR_FOR_DIVISION_BY_ZERO,NO_ENGINE_SUBSTITUTION' */ ;
DELIMITER ;;
CREATE DEFINER=`root`@`localhost` PROCEDURE `Q9FindInterviewsByDate`(IN p_date DATE)
BEGIN
    SELECT * 
    FROM interview_details 
    WHERE date = p_date;
END ;;
DELIMITER ;
/*!50003 SET sql_mode              = @saved_sql_mode */ ;
/*!50003 SET character_set_client  = @saved_cs_client */ ;
/*!50003 SET character_set_results = @saved_cs_results */ ;
/*!50003 SET collation_connection  = @saved_col_connection */ ;
/*!40103 SET TIME_ZONE=@OLD_TIME_ZONE */;

/*!40101 SET SQL_MODE=@OLD_SQL_MODE */;
/*!40014 SET FOREIGN_KEY_CHECKS=@OLD_FOREIGN_KEY_CHECKS */;
/*!40014 SET UNIQUE_CHECKS=@OLD_UNIQUE_CHECKS */;
/*!40101 SET CHARACTER_SET_CLIENT=@OLD_CHARACTER_SET_CLIENT */;
/*!40101 SET CHARACTER_SET_RESULTS=@OLD_CHARACTER_SET_RESULTS */;
/*!40101 SET COLLATION_CONNECTION=@OLD_COLLATION_CONNECTION */;
/*!40111 SET SQL_NOTES=@OLD_SQL_NOTES */;

-- Dump completed on 2023-11-21 19:36:00
